sign,biden,trump
negative,22.375934738273283,23.013840531752656
neutral,38.664174031271244,39.815267746669356
positive,38.959891230455476,37.170891721577995
